smiles,truth,pred,band,orientation,fluence
[*]C=C(/C=C(\CC(C#N)C(=C)C([*])=C)c1ccccc1)c1ccccc1,0.03742649794062367,0.5138999999999999,0.05293696461096177,ram,8.43e+21
[*]c1ccc(OC(=O)Oc2ccc(C([*])(C)C)cc2)cc1,0.6324572921847242,0.4022,0.09355782525618402,ram,8.43e+21
[*]C(F)(F)C(F)(F)C(F)(F)C(F)(OC(F)(F)C(F)(F)C(F)(F)F)C(F)(F)C([*])(F)OC(F)(F)F,-0.9706162223147904,-0.5006999999999999,0.13169835061820462,ram,4.22e+21
[*]Nc1ccc(Cc2ccc(N3C(=O)c4ccc(C([*])=O)cc4C3=O)cc2)cc1,0.24054924828259971,0.41240000000000004,0.053400374530521794,ram,4.22e+21
[*]C(=O)c1ccc2c(c1)C(=O)N(c1ccc(Oc3ccc(N4C(=O)c5ccc([*])cc5C4=O)cc3)cc1)C2=O,0.5987905067631151,0.4784,0.014057026712644447,ram,3.5e+20
[*]C(=O)c1ccc2c(c1)C(=O)N(c1ccc3c(c1)Cc1cc(N4C(=O)c5ccc([*])cc5C4=O)ccc1-3)C2=O,0.45024910831936105,0.48439999999999994,0.01545746852926872,ram,3.5e+20
