smiles,truth,pred,band,orientation,fluence
[*]c1ccc(Oc2ccc(N3Cc4cc5c(cc4C3)CN(c3ccc(Oc4ccc(C([*])(C(F)(F)F)C(F)(F)F)cc4)cc3)C5)cc2)cc1,0.43136376415898736,0.4640000000000001,5.851389114294502e-17,ram,2.41e+20
[*]C(OC(F)(F)C(F)(F)C(F)(F)F)C(F)(F)C(F)(F)C([*])(F)F,-0.7619538968712046,-0.7983,0.13109627505514157,ram,8.43e+21
[*]CC([*])C#N,0.14921911265537988,0.3499,0.03826355968803739,ram,8.43e+21
[*]OCCCCOC(=O)c1ccc(C([*])=O)cc1,-0.04048162302700174,0.4404,0.05777581193236876,ram,8.43e+21
[*]C(=O)c1ccc2c(c1)C(=O)N(c1cccc(S(=O)(=O)c3cccc(N4C(=O)c5ccc([*])cc5C4=O)c3)c1)C2=O,0.359835482339888,0.4640000000000001,5.851389114294502e-17,ram,3.5e+20
