temperature,OME,OME_std_rows,logR2,n_rows
0.1,0.16665667930398884,0.1565737886929037,0.7129798045020437,29
0.15,0.16785167895203668,0.16482097403689142,0.6964712112654907,29
0.2,0.16268771378674743,0.1482782898759389,0.7338955049681279,29
0.25,0.1587174649431542,0.13799032575401116,0.7568798193072603,29
0.3,0.16113943792467844,0.15265071685052453,0.7296048328621717,29
