smiles,truth,pred,band,orientation,fluence
[*]CCCCC(=O)NCCCCCCNC([*])=O,0.25527250510330607,0.2666,0.0702775450149856,ram,8.43e+21
[*]CCCCCNC([*])=O,0.5453071164658241,0.3128,0.0618435301565347,ram,8.43e+21
[*]OC1C(O[N+](=O)[O-])OC(OC2C(O[N+](=O)[O-])OC([*])C(O[N+](=O)[O-])C2O[N+](=O)[O-])C(O[N+](=O)[O-])C1O[N+](=O)[O-],0.8182258936139555,0.6838,0.1555840608802842,ram,4.22e+21
[*]C(=O)c1ccc(-n2c(=O)c3cc4c(=O)n(-c5ccc([*])cc5)c(=O)c4cc3c2=O)cc1,0.5820633629117087,0.4519999999999999,0.0316227766016838,ram,3.5e+20
[*]C(=O)c1ccc2c(c1)C(=O)N(c1cccc(Cc3cccc(N4C(=O)c5ccc([*])cc5C4=O)c3)c1)C2=O,0.4941545940184428,0.4634000000000001,0.0009660917830792,ram,3.5e+20
[*]c1ccc(Cc2ccc(-n3c(=O)c4cc5c(=O)n([*])c(=O)c5cc4c3=O)cc2)cc1,0.5010592622177514,0.4643,0.0045716517802649,ram,3.5e+20
