strategy,condition,OME,OME_ci_lo,OME_ci_hi,logR2,logR2_ci_lo,logR2_ci_hi,n_folds,n,OME_std_rows,boot_B,boot_seed,ci_level,perfold_OME_mean,perfold_OME_std,perfold_logR2_mean,perfold_logR2_std
variable,baseline,0.31509863646544944,0.2634333812784478,0.36945800523237377,0.6744801992519287,0.5273800674047787,0.7706143876372432,10,169,0.35058008419248765,10000,42,95,0.3110085885532138,0.07433707688469195,0.6625464736181855,0.13909392824365535
variable,layers,0.32293236837057615,0.2732114784319039,0.37628722498823686,0.6751725702944993,0.5342887329072683,0.7681146270096486,10,169,0.3426435822416782,10000,42,95,0.31744170543823425,0.07864822460741137,0.6675350968862656,0.14326870812615766
variable,thickness,0.3032540409647726,0.2557752980993004,0.35367663212405126,0.7112187551490674,0.5950651596918437,0.7862259274263387,10,169,0.32423818065944204,10000,42,95,0.298766370034624,0.06917731533438795,0.7033102799252182,0.11291835258431722
