condition,OME,logR2,n_folds,n
baseline,0.18109999999999998,0.6533218064546524,5,26
layers,0.19012692307692308,0.6373445258712582,5,26
thickness,0.2072461538461538,0.5777568922659786,5,26
