smiles,truth,pred,band,orientation,fluence
[*]Oc1ccc(-c2ccc(OC(=O)c3ccc(C(=O)Oc4ccc(C([*])=O)cc4)cc3)cc2)cc1,0.4623979978989561,0.48040000000000005,0.02146418205082857,ram,2.41e+20
[*]Nc1ccc(Cc2ccc(NC(=O)OCCOC([*])=O)cc2)cc1,0.1931245983544616,0.4487000000000001,0.05385381447338094,ram,8.43e+21
[*]OC1C(COC(C)=O)OC([*])C(OC(C)=O)C1OC(C)=O,0.7032913781186614,0.5421999999999999,0.035417509793885846,ram,8.43e+21
[*]OCCOC(=O)c1cccc(C([*])=O)c1,0.14921911265537988,0.23450000000000001,0.020554804791094467,ram,8.43e+21
[*]C(=O)c1ccc2c(c1)C(=O)N(c1ccc(-c3ccc(N4C(=O)c5ccc([*])cc5C4=O)cc3)cc1)C2=O,0.48855071650044424,0.5532,0.00885437744847147,ram,3.5e+20
[*]C(=O)c1cccc(-n2c(=O)c3cc4c(=O)n(-c5cccc([*])c5)c(=O)c4cc3c2=O)c1,0.3979400086720376,0.5642999999999999,0.032069542490586835,ram,3.5e+20
