smiles,truth,pred,band,orientation,fluence
[*]Oc1ccc(-c2ccc(OC(=O)c3ccc(C(=O)Oc4ccc(C([*])=O)cc4)cc3)cc2)cc1,0.4623979978989561,0.4915999999999999,0.0278376244197189,ram,2.41e+20
[*]Nc1ccc(Cc2ccc(NC(=O)OCCOC([*])=O)cc2)cc1,0.1931245983544616,0.4165,0.0608591269517837,ram,8.43e+21
[*]OC1C(COC(C)=O)OC([*])C(OC(C)=O)C1OC(C)=O,0.7032913781186614,0.5738999999999999,0.0578089766193605,ram,8.43e+21
[*]OCCOC(=O)c1cccc(C([*])=O)c1,0.14921911265537988,0.241,2.925694557147251e-17,ram,8.43e+21
[*]C(=O)c1ccc2c(c1)C(=O)N(c1ccc(-c3ccc(N4C(=O)c5ccc([*])cc5C4=O)cc3)cc1)C2=O,0.48855071650044424,0.5515000000000001,0.0208978999476555,ram,3.5e+20
[*]C(=O)c1cccc(-n2c(=O)c3cc4c(=O)n(-c5cccc([*])c5)c(=O)c4cc3c2=O)c1,0.3979400086720376,0.5704999999999999,0.0289607013420293,ram,3.5e+20
