strategy,split,OME,logR2,n,mean_sigma,n_dropped_fp
restricted-group,0,0.2595962704809531,0.4534503092499359,6,0.4183874746130562,0
restricted-group,1,0.20270971288502238,-2.017224398870613,6,0.4297399554353791,0
restricted-group,2,0.26071201295927465,0.5058971247561459,6,0.41689001944738485,0
restricted-group,3,0.17885054768311318,-0.2367970571071043,6,0.4233378370628767,0
restricted-group,4,0.3359134690619868,0.1756875647809122,5,0.418176699962013,0
