strategy,OME,OME_ci_lo,OME_ci_hi,logR2,logR2_ci_lo,logR2_ci_hi,n_rows,boot_B,boot_seed,ci_level,OME_std_rows,perfold_OME_mean,perfold_OME_std,perfold_logR2_mean,perfold_logR2_std
restricted-group,0.24450960721931417,0.1714152286031073,0.3288736152146403,0.40297705830335506,-0.19822341404620514,0.4969113098896708,29,10000,42,95,0.2211555798334623,0.24755640261407003,0.060944072260014755,-0.22379729143814467,1.0448990606264663
