strategy,OME,OME_ci_lo,OME_ci_hi,logR2,logR2_ci_lo,logR2_ci_hi,n_rows,boot_B,boot_seed,ci_level,OME_std_rows,perfold_OME_mean,perfold_OME_std,perfold_logR2_mean,perfold_logR2_std
variable,0.2940049251146323,0.24876249691190686,0.34231378312038746,0.6784570831768603,0.543044798333332,0.7700963308114328,201,10000,42,95,0.33617365139715694,0.29373993814668636,0.07164482473902266,0.6688922473168963,0.1480337680379036
