strategy,OME,OME_ci_lo,OME_ci_hi,logR2,logR2_ci_lo,logR2_ci_hi,n_rows,boot_B,boot_seed,ci_level,OME_std_rows,perfold_OME_mean,perfold_OME_std,perfold_logR2_mean,perfold_logR2_std
random,0.2915149018416559,0.24901481761794844,0.3373577831077415,0.6953524574290567,0.5609288699035097,0.7870362651312438,201,10000,42,95,0.3224517603744262,0.2912494196663348,0.06465207972179593,0.6333506411562235,0.25709508479412635
