smiles,truth,pred,band,orientation,fluence
[*]C=C(/C=C(\CC(C#N)C(=C)C([*])=C)c1ccccc1)c1ccccc1,0.03742649794062367,0.554,0.04075945698035404,ram,8.43e+21
[*]c1ccc(OC(=O)Oc2ccc(C([*])(C)C)cc2)cc1,0.6324572921847242,0.4226,0.055331726884311136,ram,8.43e+21
[*]C(F)(F)C(F)(F)C(F)(F)C(F)(OC(F)(F)C(F)(F)C(F)(F)F)C(F)(F)C([*])(F)OC(F)(F)F,-0.9706162223147904,-0.41899999999999993,5.851389114294502e-17,ram,4.22e+21
[*]Nc1ccc(Cc2ccc(N3C(=O)c4ccc(C([*])=O)cc4C3=O)cc2)cc1,0.24054924828259971,0.39990000000000003,0.05382781189434821,ram,4.22e+21
[*]C(=O)c1ccc2c(c1)C(=O)N(c1ccc(Oc3ccc(N4C(=O)c5ccc([*])cc5C4=O)cc3)cc1)C2=O,0.5987905067631151,0.48579999999999995,0.012656135973423228,ram,3.5e+20
[*]C(=O)c1ccc2c(c1)C(=O)N(c1ccc3c(c1)Cc1cc(N4C(=O)c5ccc([*])cc5C4=O)ccc1-3)C2=O,0.45024910831936105,0.4875999999999999,0.013492384683385074,ram,3.5e+20
