smiles,truth,pred,band,orientation,fluence
[*]CC([*])c1cccc(C)c1,0.6434526764861874,0.5302,0.048001851816130765,ram,8.99e+21
[*]C(F)(F)C(F)(F)C(F)(F)C(F)(F)C1(F)OC(C(F)(F)F)(C(F)(F)F)OC1(F)C1(F)OC(C(F)(F)F)(C(F)(F)F)OC1(F)C1(F)OC(C(F)(F)F)(C(F)(F)F)OC1([*])F,-0.7033348097384688,-0.1587,0.11933524207039596,ram,8.43e+21
[*]c1ccc(-c2nc3cc4nc([*])oc4cc3o2)cc1,0.13353890837021754,0.03280000000000001,0.12797551849214495,ram,8.43e+21
[*]c1ccc(Oc2ccc3c(c2)C(=O)N(c2cccc(N4C(=O)c5ccc(Oc6ccc(C([*])(C)C)cc6)cc5C4=O)c2)C3=O)cc1,0.5276299008713387,0.38079999999999997,0.06681782862546659,ram,1.97e+21
[*]c1ccc(Oc2ccc(S([*])(=O)=O)cc2)cc1,0.44560420327359757,0.4185,0.08051811390405682,ram,4.22e+21
[*]C(=O)c1ccc(N2C(=O)c3ccc(C(=O)c4ccc5c(c4)C(=O)N(c4ccc([*])cc4)C5=O)cc3C2=O)cc1,0.4638929889859073,0.3866,0.05621229600560916,ram,3.5e+20
