smiles,truth,pred,band,orientation,fluence
[*]C=C(/C=C(\CC(C#N)C(=C)C([*])=C)c1ccccc1)c1ccccc1,0.03742649794062367,0.5730000000000001,1.1702778228589004e-16,ram,8.43e+21
[*]c1ccc(OC(=O)Oc2ccc(C([*])(C)C)cc2)cc1,0.6324572921847242,0.4208,0.04057585488933044,ram,8.43e+21
[*]C(F)(F)C(F)(F)C(F)(F)C(F)(OC(F)(F)C(F)(F)C(F)(F)F)C(F)(F)C([*])(F)OC(F)(F)F,-0.9706162223147904,-0.6891,0.10527683083713676,ram,4.22e+21
[*]Nc1ccc(Cc2ccc(N3C(=O)c4ccc(C([*])=O)cc4C3=O)cc2)cc1,0.24054924828259971,0.6276,0.03924623124156853,ram,4.22e+21
[*]C(=O)c1ccc2c(c1)C(=O)N(c1ccc(Oc3ccc(N4C(=O)c5ccc([*])cc5C4=O)cc3)cc1)C2=O,0.5987905067631151,0.49099999999999994,0.0025819888974716134,ram,3.5e+20
[*]C(=O)c1ccc2c(c1)C(=O)N(c1ccc3c(c1)Cc1cc(N4C(=O)c5ccc([*])cc5C4=O)ccc1-3)C2=O,0.45024910831936105,0.4827,0.010143963722332588,ram,3.5e+20
