strategy,OME_mean,OME_std,logR2_mean,logR2_std,pooled_OME,pooled_logR2
restricted-group,0.16329551910719947,0.061437276442184295,0.6110379812320637,0.13071686564159674,0.16268771378674743,0.7338955049681279
random,0.2482548478035163,0.10315702877792722,0.623861049782086,0.2706437775736971,0.24895203331853602,0.6375357556707986
variable,0.2044268872087869,0.038449328370890934,0.7452997911713399,0.11108216288950645,0.20407170056358495,0.7688521879625769
