strategy,OME_mean,OME_std,logR2_mean,logR2_std,pooled_OME,pooled_logR2
variable,0.2044268872087869,0.038449328370890934,0.7452997911713399,0.11108216288950645,0.20407170056358495,0.7688521879625769
