strategy,OME,OME_std_rows,logR2,n_rows,perfold_OME_mean,perfold_OME_std,perfold_logR2_mean,perfold_logR2_std
restricted-group,0.1587174649431542,0.13799032575401116,0.7568798193072604,29,0.15911233051667542,0.05950825990993734,0.6118897596748429,0.1834787230710748
