strategy,split,OME,logR2,n,mean_sigma
restricted-group,0,0.2528565277866742,0.6895571941469576,6,0.06923291277805317
restricted-group,1,0.0959729540207294,0.4407914780080523,6,0.05414427603613873
restricted-group,2,0.15177558128761956,0.8447169291901335,6,0.07752305278844317
restricted-group,3,0.12439315733956365,0.40909998211890786,6,0.03300120922550042
restricted-group,4,0.17056343214879024,0.6752832149101626,5,0.03505579127413204
