strategy,OME,OME_std_rows,logR2,n_rows,perfold_OME_mean,perfold_OME_std,perfold_logR2_mean,perfold_logR2_std
random,0.2461862085933541,0.3938564809651394,0.6524777207871351,201,0.24547192192865147,0.09502788555582875,0.6355825190077394,0.2557233318624736
